Entity,Year,"Country code","PM2.5 concentration- StateofGlobalAir"
Afghanistan,1990,AFG,61
Afghanistan,1995,AFG,56
Afghanistan,2000,AFG,56
Afghanistan,2005,AFG,43
Afghanistan,2010,AFG,47
Afghanistan,2011,AFG,50
Afghanistan,2012,AFG,51
Afghanistan,2013,AFG,51
Afghanistan,2014,AFG,49
Afghanistan,2015,AFG,48
Albania,1990,ALB,18
Albania,1995,ALB,15
Albania,2000,ALB,14
Albania,2005,ALB,12
Albania,2010,ALB,15
Albania,2011,ALB,15
Albania,2012,ALB,15
Albania,2013,ALB,16
Albania,2014,ALB,17
Albania,2015,ALB,18
Algeria,1990,DZA,34
Algeria,1995,DZA,33
Algeria,2000,DZA,32
Algeria,2005,DZA,28
Algeria,2010,DZA,27
Algeria,2011,DZA,28
Algeria,2012,DZA,28
Algeria,2013,DZA,31
Algeria,2014,DZA,33
Algeria,2015,DZA,36
Andorra,1990,AND,11
Andorra,1995,AND,11
Andorra,2000,AND,11
Andorra,2005,AND,11
Andorra,2010,AND,11
Andorra,2011,AND,11
Andorra,2012,AND,11
Andorra,2013,AND,11
Andorra,2014,AND,10
Andorra,2015,AND,10
Angola,1990,AGO,37
Angola,1995,AGO,36
Angola,2000,AGO,40
Angola,2005,AGO,35
Angola,2010,AGO,31
Angola,2011,AGO,32
Angola,2012,AGO,34
Angola,2013,AGO,34
Angola,2014,AGO,35
Angola,2015,AGO,36
"Antigua and Barbuda",1990,ATG,17
"Antigua and Barbuda",1995,ATG,17
"Antigua and Barbuda",2000,ATG,17
"Antigua and Barbuda",2005,ATG,16
"Antigua and Barbuda",2010,ATG,13
"Antigua and Barbuda",2011,ATG,14
"Antigua and Barbuda",2012,ATG,14
"Antigua and Barbuda",2013,ATG,14
"Antigua and Barbuda",2014,ATG,14
"Antigua and Barbuda",2015,ATG,14
Argentina,1990,ARG,16
Argentina,1995,ARG,16
Argentina,2000,ARG,16
Argentina,2005,ARG,15
Argentina,2010,ARG,14
Argentina,2011,ARG,14
Argentina,2012,ARG,14
Argentina,2013,ARG,14
Argentina,2014,ARG,14
Argentina,2015,ARG,13
Armenia,1990,ARM,21
Armenia,1995,ARM,17
Armenia,2000,ARM,19
Armenia,2005,ARM,21
Armenia,2010,ARM,26
Armenia,2011,ARM,26
Armenia,2012,ARM,24
Armenia,2013,ARM,25
Armenia,2014,ARM,25
Armenia,2015,ARM,26
Australia,1990,AUS,7
Australia,1995,AUS,7
Australia,2000,AUS,7
Australia,2005,AUS,7
Australia,2010,AUS,6
Australia,2011,AUS,6
Australia,2012,AUS,6
Australia,2013,AUS,6
Australia,2014,AUS,6
Australia,2015,AUS,6
Austria,1990,AUT,19
Austria,1995,AUT,17
Austria,2000,AUT,15
Austria,2005,AUT,15
Austria,2010,AUT,15
Austria,2011,AUT,15
Austria,2012,AUT,15
Austria,2013,AUT,16
Austria,2014,AUT,16
Austria,2015,AUT,17
Azerbaijan,1990,AZE,27
Azerbaijan,1995,AZE,23
Azerbaijan,2000,AZE,24
Azerbaijan,2005,AZE,21
Azerbaijan,2010,AZE,26
Azerbaijan,2011,AZE,25
Azerbaijan,2012,AZE,25
Azerbaijan,2013,AZE,26
Azerbaijan,2014,AZE,28
Azerbaijan,2015,AZE,30
Bahamas,1990,BHS,19
Bahamas,1995,BHS,19
Bahamas,2000,BHS,19
Bahamas,2005,BHS,17
Bahamas,2010,BHS,12
Bahamas,2011,BHS,13
Bahamas,2012,BHS,13
Bahamas,2013,BHS,14
Bahamas,2014,BHS,14
Bahamas,2015,BHS,14
Bahrain,1990,BHR,63
Bahrain,1995,BHR,62
Bahrain,2000,BHR,62
Bahrain,2005,BHR,53
Bahrain,2010,BHR,66
Bahrain,2011,BHR,64
Bahrain,2012,BHR,67
Bahrain,2013,BHR,66
Bahrain,2014,BHR,60
Bahrain,2015,BHR,55
Bangladesh,1990,BGD,64
Bangladesh,1995,BGD,65
Bangladesh,2000,BGD,65
Bangladesh,2005,BGD,80
Bangladesh,2010,BGD,82
Bangladesh,2011,BGD,83
Bangladesh,2012,BGD,83
Bangladesh,2013,BGD,88
Bangladesh,2014,BGD,87
Bangladesh,2015,BGD,89
Barbados,1990,BRB,21
Barbados,1995,BRB,21
Barbados,2000,BRB,20
Barbados,2005,BRB,17
Barbados,2010,BRB,15
Barbados,2011,BRB,15
Barbados,2012,BRB,15
Barbados,2013,BRB,15
Barbados,2014,BRB,15
Barbados,2015,BRB,15
Belarus,1990,BLR,33
Belarus,1995,BLR,24
Belarus,2000,BLR,20
Belarus,2005,BLR,19
Belarus,2010,BLR,20
Belarus,2011,BLR,20
Belarus,2012,BLR,19
Belarus,2013,BLR,19
Belarus,2014,BLR,20
Belarus,2015,BLR,20
Belgium,1990,BEL,20
Belgium,1995,BEL,18
Belgium,2000,BEL,17
Belgium,2005,BEL,16
Belgium,2010,BEL,16
Belgium,2011,BEL,16
Belgium,2012,BEL,16
Belgium,2013,BEL,16
Belgium,2014,BEL,16
Belgium,2015,BEL,16
Belize,1990,BLZ,29
Belize,1995,BLZ,29
Belize,2000,BLZ,29
Belize,2005,BLZ,26
Belize,2010,BLZ,21
Belize,2011,BLZ,22
Belize,2012,BLZ,25
Belize,2013,BLZ,24
Belize,2014,BLZ,25
Belize,2015,BLZ,27
Benin,1990,BEN,62
Benin,1995,BEN,60
Benin,2000,BEN,59
Benin,2005,BEN,46
Benin,2010,BEN,43
Benin,2011,BEN,46
Benin,2012,BEN,45
Benin,2013,BEN,41
Benin,2014,BEN,38
Benin,2015,BEN,35
Bhutan,1990,BTN,40
Bhutan,1995,BTN,41
Bhutan,2000,BTN,41
Bhutan,2005,BTN,51
Bhutan,2010,BTN,50
Bhutan,2011,BTN,49
Bhutan,2012,BTN,50
Bhutan,2013,BTN,54
Bhutan,2014,BTN,54
Bhutan,2015,BTN,56
Bolivia,1990,BOL,28
Bolivia,1995,BOL,29
Bolivia,2000,BOL,30
Bolivia,2005,BOL,40
Bolivia,2010,BOL,29
Bolivia,2011,BOL,30
Bolivia,2012,BOL,27
Bolivia,2013,BOL,28
Bolivia,2014,BOL,28
Bolivia,2015,BOL,28
"Bosnia and Herzegovina",1990,BIH,47
"Bosnia and Herzegovina",1995,BIH,38
"Bosnia and Herzegovina",2000,BIH,38
"Bosnia and Herzegovina",2005,BIH,35
"Bosnia and Herzegovina",2010,BIH,38
"Bosnia and Herzegovina",2011,BIH,37
"Bosnia and Herzegovina",2012,BIH,38
"Bosnia and Herzegovina",2013,BIH,41
"Bosnia and Herzegovina",2014,BIH,44
"Bosnia and Herzegovina",2015,BIH,47
Botswana,1990,BWA,22
Botswana,1995,BWA,21
Botswana,2000,BWA,22
Botswana,2005,BWA,22
Botswana,2010,BWA,19
Botswana,2011,BWA,20
Botswana,2012,BWA,19
Botswana,2013,BWA,19
Botswana,2014,BWA,18
Botswana,2015,BWA,18
Brazil,1990,BRA,15
Brazil,1995,BRA,15
Brazil,2000,BRA,16
Brazil,2005,BRA,14
Brazil,2010,BRA,11
Brazil,2011,BRA,11
Brazil,2012,BRA,11
Brazil,2013,BRA,11
Brazil,2014,BRA,11
Brazil,2015,BRA,11
Brunei,1990,BRN,6
Brunei,1995,BRN,6
Brunei,2000,BRN,6
Brunei,2005,BRN,7
Brunei,2010,BRN,6
Brunei,2011,BRN,6
Brunei,2012,BRN,6
Brunei,2013,BRN,6
Brunei,2014,BRN,6
Brunei,2015,BRN,5
Bulgaria,1990,BGR,45
Bulgaria,1995,BGR,34
Bulgaria,2000,BGR,29
Bulgaria,2005,BGR,23
Bulgaria,2010,BGR,27
Bulgaria,2011,BGR,27
Bulgaria,2012,BGR,26
Bulgaria,2013,BGR,27
Bulgaria,2014,BGR,28
Bulgaria,2015,BGR,28
"Burkina Faso",1990,BFA,68
"Burkina Faso",1995,BFA,67
"Burkina Faso",2000,BFA,67
"Burkina Faso",2005,BFA,59
"Burkina Faso",2010,BFA,61
"Burkina Faso",2011,BFA,63
"Burkina Faso",2012,BFA,55
"Burkina Faso",2013,BFA,49
"Burkina Faso",2014,BFA,44
"Burkina Faso",2015,BFA,40
Burundi,1990,BDI,47
Burundi,1995,BDI,46
Burundi,2000,BDI,47
Burundi,2005,BDI,43
Burundi,2010,BDI,40
Burundi,2011,BDI,44
Burundi,2012,BDI,47
Burundi,2013,BDI,48
Burundi,2014,BDI,47
Burundi,2015,BDI,46
Cambodia,1990,KHM,25
Cambodia,1995,KHM,25
Cambodia,2000,KHM,25
Cambodia,2005,KHM,28
Cambodia,2010,KHM,25
Cambodia,2011,KHM,25
Cambodia,2012,KHM,26
Cambodia,2013,KHM,27
Cambodia,2014,KHM,28
Cambodia,2015,KHM,29
Cameroon,1990,CMR,106
Cameroon,1995,CMR,103
Cameroon,2000,CMR,100
Cameroon,2005,CMR,82
Cameroon,2010,CMR,72
Cameroon,2011,CMR,76
Cameroon,2012,CMR,75
Cameroon,2013,CMR,74
Cameroon,2014,CMR,70
Cameroon,2015,CMR,66
Canada,1990,CAN,8
Canada,1995,CAN,8
Canada,2000,CAN,8
Canada,2005,CAN,8
Canada,2010,CAN,7
Canada,2011,CAN,7
Canada,2012,CAN,7
Canada,2013,CAN,7
Canada,2014,CAN,7
Canada,2015,CAN,7
"Cape Verde",1990,CPV,53
"Cape Verde",1995,CPV,54
"Cape Verde",2000,CPV,49
"Cape Verde",2005,CPV,34
"Cape Verde",2010,CPV,35
"Cape Verde",2011,CPV,39
"Cape Verde",2012,CPV,45
"Cape Verde",2013,CPV,44
"Cape Verde",2014,CPV,42
"Cape Verde",2015,CPV,40
"Central African Republic",1990,CAF,51
"Central African Republic",1995,CAF,50
"Central African Republic",2000,CAF,52
"Central African Republic",2005,CAF,51
"Central African Republic",2010,CAF,46
"Central African Republic",2011,CAF,50
"Central African Republic",2012,CAF,52
"Central African Republic",2013,CAF,49
"Central African Republic",2014,CAF,48
"Central African Republic",2015,CAF,46
Chad,1990,TCD,65
Chad,1995,TCD,65
Chad,2000,TCD,64
Chad,2005,TCD,59
Chad,2010,TCD,56
Chad,2011,TCD,57
Chad,2012,TCD,56
Chad,2013,TCD,53
Chad,2014,TCD,49
Chad,2015,TCD,46
Chile,1990,CHL,21
Chile,1995,CHL,21
Chile,2000,CHL,22
Chile,2005,CHL,23
Chile,2010,CHL,21
Chile,2011,CHL,21
Chile,2012,CHL,22
Chile,2013,CHL,21
Chile,2014,CHL,21
Chile,2015,CHL,21
China,1990,CHN,49
China,1995,CHN,50
China,2000,CHN,52
China,2005,CHN,57
China,2010,CHN,58
China,2011,CHN,57
China,2012,CHN,57
China,2013,CHN,57
China,2014,CHN,58
China,2015,CHN,58
Colombia,1990,COL,21
Colombia,1995,COL,20
Colombia,2000,COL,20
Colombia,2005,COL,22
Colombia,2010,COL,17
Colombia,2011,COL,18
Colombia,2012,COL,17
Colombia,2013,COL,18
Colombia,2014,COL,18
Colombia,2015,COL,18
Comoros,1990,COM,21
Comoros,1995,COM,21
Comoros,2000,COM,21
Comoros,2005,COM,20
Comoros,2010,COM,17
Comoros,2011,COM,17
Comoros,2012,COM,17
Comoros,2013,COM,17
Comoros,2014,COM,17
Comoros,2015,COM,17
Congo,1990,COG,52
Congo,1995,COG,52
Congo,2000,COG,62
Congo,2005,COG,57
Congo,2010,COG,49
Congo,2011,COG,49
Congo,2012,COG,52
Congo,2013,COG,51
Congo,2014,COG,52
Congo,2015,COG,53
"Costa Rica",1990,CRI,21
"Costa Rica",1995,CRI,21
"Costa Rica",2000,CRI,22
"Costa Rica",2005,CRI,21
"Costa Rica",2010,CRI,14
"Costa Rica",2011,CRI,15
"Costa Rica",2012,CRI,16
"Costa Rica",2013,CRI,19
"Costa Rica",2014,CRI,18
"Costa Rica",2015,CRI,20
"Cote d'Ivoire",1990,CIV,34
"Cote d'Ivoire",1995,CIV,33
"Cote d'Ivoire",2000,CIV,32
"Cote d'Ivoire",2005,CIV,28
"Cote d'Ivoire",2010,CIV,29
"Cote d'Ivoire",2011,CIV,32
"Cote d'Ivoire",2012,CIV,33
"Cote d'Ivoire",2013,CIV,29
"Cote d'Ivoire",2014,CIV,26
"Cote d'Ivoire",2015,CIV,24
Croatia,1990,HRV,25
Croatia,1995,HRV,20
Croatia,2000,HRV,18
Croatia,2005,HRV,18
Croatia,2010,HRV,18
Croatia,2011,HRV,17
Croatia,2012,HRV,17
Croatia,2013,HRV,19
Croatia,2014,HRV,20
Croatia,2015,HRV,22
Cuba,1990,CUB,23
Cuba,1995,CUB,22
Cuba,2000,CUB,22
Cuba,2005,CUB,21
Cuba,2010,CUB,15
Cuba,2011,CUB,16
Cuba,2012,CUB,18
Cuba,2013,CUB,18
Cuba,2014,CUB,18
Cuba,2015,CUB,18
Cyprus,1990,CYP,16
Cyprus,1995,CYP,15
Cyprus,2000,CYP,15
Cyprus,2005,CYP,15
Cyprus,2010,CYP,15
Cyprus,2011,CYP,15
Cyprus,2012,CYP,15
Cyprus,2013,CYP,16
Cyprus,2014,CYP,17
Cyprus,2015,CYP,18
"Czech Republic",1990,CZE,37
"Czech Republic",1995,CZE,27
"Czech Republic",2000,CZE,21
"Czech Republic",2005,CZE,19
"Czech Republic",2010,CZE,20
"Czech Republic",2011,CZE,20
"Czech Republic",2012,CZE,19
"Czech Republic",2013,CZE,20
"Czech Republic",2014,CZE,21
"Czech Republic",2015,CZE,21
"Democratic Republic of Congo",1990,COD,48
"Democratic Republic of Congo",1995,COD,48
"Democratic Republic of Congo",2000,COD,51
"Democratic Republic of Congo",2005,COD,47
"Democratic Republic of Congo",2010,COD,42
"Democratic Republic of Congo",2011,COD,44
"Democratic Republic of Congo",2012,COD,47
"Democratic Republic of Congo",2013,COD,47
"Democratic Republic of Congo",2014,COD,47
"Democratic Republic of Congo",2015,COD,46
Denmark,1990,DNK,13
Denmark,1995,DNK,12
Denmark,2000,DNK,11
Denmark,2005,DNK,10
Denmark,2010,DNK,10
Denmark,2011,DNK,10
Denmark,2012,DNK,10
Denmark,2013,DNK,10
Denmark,2014,DNK,11
Denmark,2015,DNK,11
Djibouti,1990,DJI,47
Djibouti,1995,DJI,47
Djibouti,2000,DJI,51
Djibouti,2005,DJI,43
Djibouti,2010,DJI,45
Djibouti,2011,DJI,49
Djibouti,2012,DJI,52
Djibouti,2013,DJI,50
Djibouti,2014,DJI,51
Djibouti,2015,DJI,52
Dominica,1990,DMA,18
Dominica,1995,DMA,18
Dominica,2000,DMA,18
Dominica,2005,DMA,17
Dominica,2010,DMA,14
Dominica,2011,DMA,14
Dominica,2012,DMA,14
Dominica,2013,DMA,14
Dominica,2014,DMA,14
Dominica,2015,DMA,14
"Dominican Republic",1990,DOM,21
"Dominican Republic",1995,DOM,21
"Dominican Republic",2000,DOM,30
"Dominican Republic",2005,DOM,21
"Dominican Republic",2010,DOM,21
"Dominican Republic",2011,DOM,17
"Dominican Republic",2012,DOM,23
"Dominican Republic",2013,DOM,24
"Dominican Republic",2014,DOM,18
"Dominican Republic",2015,DOM,20
Ecuador,1990,ECU,18
Ecuador,1995,ECU,18
Ecuador,2000,ECU,18
Ecuador,2005,ECU,19
Ecuador,2010,ECU,14
Ecuador,2011,ECU,17
Ecuador,2012,ECU,16
Ecuador,2013,ECU,16
Ecuador,2014,ECU,14
Ecuador,2015,ECU,13
Egypt,1990,EGY,76
Egypt,1995,EGY,72
Egypt,2000,EGY,73
Egypt,2005,EGY,80
Egypt,2010,EGY,90
Egypt,2011,EGY,89
Egypt,2012,EGY,89
Egypt,2013,EGY,95
Egypt,2014,EGY,99
Egypt,2015,EGY,105
"El Salvador",1990,SLV,39
"El Salvador",1995,SLV,40
"El Salvador",2000,SLV,43
"El Salvador",2005,SLV,39
"El Salvador",2010,SLV,31
"El Salvador",2011,SLV,33
"El Salvador",2012,SLV,38
"El Salvador",2013,SLV,37
"El Salvador",2014,SLV,37
"El Salvador",2015,SLV,37
"Equatorial Guinea",1990,GNQ,47
"Equatorial Guinea",1995,GNQ,47
"Equatorial Guinea",2000,GNQ,54
"Equatorial Guinea",2005,GNQ,42
"Equatorial Guinea",2010,GNQ,43
"Equatorial Guinea",2011,GNQ,47
"Equatorial Guinea",2012,GNQ,46
"Equatorial Guinea",2013,GNQ,45
"Equatorial Guinea",2014,GNQ,46
"Equatorial Guinea",2015,GNQ,47
Eritrea,1990,ERI,44
Eritrea,1995,ERI,44
Eritrea,2000,ERI,44
Eritrea,2005,ERI,39
Eritrea,2010,ERI,42
Eritrea,2011,ERI,43
Eritrea,2012,ERI,46
Eritrea,2013,ERI,44
Eritrea,2014,ERI,44
Eritrea,2015,ERI,43
Estonia,1990,EST,12
Estonia,1995,EST,9
Estonia,2000,EST,8
Estonia,2005,EST,8
Estonia,2010,EST,8
Estonia,2011,EST,8
Estonia,2012,EST,7
Estonia,2013,EST,8
Estonia,2014,EST,9
Estonia,2015,EST,9
Ethiopia,1990,ETH,36
Ethiopia,1995,ETH,36
Ethiopia,2000,ETH,35
Ethiopia,2005,ETH,31
Ethiopia,2010,ETH,34
Ethiopia,2011,ETH,36
Ethiopia,2012,ETH,37
Ethiopia,2013,ETH,37
Ethiopia,2014,ETH,36
Ethiopia,2015,ETH,36
Fiji,1990,FJI,9
Fiji,1995,FJI,9
Fiji,2000,FJI,9
Fiji,2005,FJI,9
Fiji,2010,FJI,7
Fiji,2011,FJI,7
Fiji,2012,FJI,7
Fiji,2013,FJI,8
Fiji,2014,FJI,7
Fiji,2015,FJI,8
Finland,1990,FIN,8
Finland,1995,FIN,7
Finland,2000,FIN,7
Finland,2005,FIN,7
Finland,2010,FIN,7
Finland,2011,FIN,7
Finland,2012,FIN,7
Finland,2013,FIN,7
Finland,2014,FIN,7
Finland,2015,FIN,7
France,1990,FRA,14
France,1995,FRA,13
France,2000,FRA,13
France,2005,FRA,12
France,2010,FRA,12
France,2011,FRA,12
France,2012,FRA,12
France,2013,FRA,12
France,2014,FRA,12
France,2015,FRA,12
Gabon,1990,GAB,40
Gabon,1995,GAB,40
Gabon,2000,GAB,42
Gabon,2005,GAB,35
Gabon,2010,GAB,35
Gabon,2011,GAB,36
Gabon,2012,GAB,37
Gabon,2013,GAB,37
Gabon,2014,GAB,39
Gabon,2015,GAB,40
Gambia,1990,GMB,67
Gambia,1995,GMB,68
Gambia,2000,GMB,70
Gambia,2005,GMB,51
Gambia,2010,GMB,60
Gambia,2011,GMB,60
Gambia,2012,GMB,58
Gambia,2013,GMB,60
Gambia,2014,GMB,59
Gambia,2015,GMB,61
Georgia,1990,GEO,18
Georgia,1995,GEO,15
Georgia,2000,GEO,16
Georgia,2005,GEO,17
Georgia,2010,GEO,20
Georgia,2011,GEO,20
Georgia,2012,GEO,18
Georgia,2013,GEO,19
Georgia,2014,GEO,20
Georgia,2015,GEO,20
Germany,1990,DEU,17
Germany,1995,DEU,15
Germany,2000,DEU,14
Germany,2005,DEU,13
Germany,2010,DEU,14
Germany,2011,DEU,14
Germany,2012,DEU,13
Germany,2013,DEU,14
Germany,2014,DEU,14
Germany,2015,DEU,14
Ghana,1990,GHA,38
Ghana,1995,GHA,37
Ghana,2000,GHA,37
Ghana,2005,GHA,27
Ghana,2010,GHA,27
Ghana,2011,GHA,30
Ghana,2012,GHA,31
Ghana,2013,GHA,28
Ghana,2014,GHA,25
Ghana,2015,GHA,23
Greece,1990,GRC,13
Greece,1995,GRC,12
Greece,2000,GRC,12
Greece,2005,GRC,11
Greece,2010,GRC,12
Greece,2011,GRC,11
Greece,2012,GRC,11
Greece,2013,GRC,12
Greece,2014,GRC,13
Greece,2015,GRC,13
Greenland,1990,GRL,6
Greenland,1995,GRL,6
Greenland,2000,GRL,6
Greenland,2005,GRL,6
Greenland,2010,GRL,5
Greenland,2011,GRL,5
Greenland,2012,GRL,5
Greenland,2013,GRL,5
Greenland,2014,GRL,5
Greenland,2015,GRL,5
Grenada,1990,GRD,20
Grenada,1995,GRD,20
Grenada,2000,GRD,20
Grenada,2005,GRD,17
Grenada,2010,GRD,14
Grenada,2011,GRD,14
Grenada,2012,GRD,14
Grenada,2013,GRD,15
Grenada,2014,GRD,15
Grenada,2015,GRD,15
Guatemala,1990,GTM,35
Guatemala,1995,GTM,36
Guatemala,2000,GTM,39
Guatemala,2005,GTM,37
Guatemala,2010,GTM,29
Guatemala,2011,GTM,29
Guatemala,2012,GTM,33
Guatemala,2013,GTM,33
Guatemala,2014,GTM,33
Guatemala,2015,GTM,35
Guinea,1990,GIN,31
Guinea,1995,GIN,30
Guinea,2000,GIN,31
Guinea,2005,GIN,26
Guinea,2010,GIN,30
Guinea,2011,GIN,31
Guinea,2012,GIN,30
Guinea,2013,GIN,27
Guinea,2014,GIN,25
Guinea,2015,GIN,23
Guinea-Bissau,1990,GNB,42
Guinea-Bissau,1995,GNB,42
Guinea-Bissau,2000,GNB,42
Guinea-Bissau,2005,GNB,31
Guinea-Bissau,2010,GNB,37
Guinea-Bissau,2011,GNB,37
Guinea-Bissau,2012,GNB,35
Guinea-Bissau,2013,GNB,35
Guinea-Bissau,2014,GNB,34
Guinea-Bissau,2015,GNB,33
Guyana,1990,GUY,26
Guyana,1995,GUY,26
Guyana,2000,GUY,27
Guyana,2005,GUY,18
Guyana,2010,GUY,15
Guyana,2011,GUY,16
Guyana,2012,GUY,18
Guyana,2013,GUY,19
Guyana,2014,GUY,18
Guyana,2015,GUY,17
Haiti,1990,HTI,31
Haiti,1995,HTI,31
Haiti,2000,HTI,31
Haiti,2005,HTI,30
Haiti,2010,HTI,23
Haiti,2011,HTI,23
Haiti,2012,HTI,24
Haiti,2013,HTI,25
Haiti,2014,HTI,25
Haiti,2015,HTI,26
Honduras,1990,HND,36
Honduras,1995,HND,36
Honduras,2000,HND,37
Honduras,2005,HND,40
Honduras,2010,HND,32
Honduras,2011,HND,34
Honduras,2012,HND,39
Honduras,2013,HND,37
Honduras,2014,HND,37
Honduras,2015,HND,38
Hungary,1990,HUN,38
Hungary,1995,HUN,29
Hungary,2000,HUN,24
Hungary,2005,HUN,22
Hungary,2010,HUN,23
Hungary,2011,HUN,22
Hungary,2012,HUN,21
Hungary,2013,HUN,21
Hungary,2014,HUN,22
Hungary,2015,HUN,23
Iceland,1990,ISL,8
Iceland,1995,ISL,8
Iceland,2000,ISL,8
Iceland,2005,ISL,8
Iceland,2010,ISL,8
Iceland,2011,ISL,8
Iceland,2012,ISL,8
Iceland,2013,ISL,8
Iceland,2014,ISL,8
Iceland,2015,ISL,8
India,1990,IND,60
India,1995,IND,61
India,2000,IND,61
India,2005,IND,66
India,2010,IND,65
India,2011,IND,64
India,2012,IND,66
India,2013,IND,69
India,2014,IND,72
India,2015,IND,74
Indonesia,1990,IDN,17
Indonesia,1995,IDN,17
Indonesia,2000,IDN,16
Indonesia,2005,IDN,17
Indonesia,2010,IDN,14
Indonesia,2011,IDN,15
Indonesia,2012,IDN,15
Indonesia,2013,IDN,16
Indonesia,2014,IDN,15
Indonesia,2015,IDN,15
Iran,1990,IRN,49
Iran,1995,IRN,47
Iran,2000,IRN,48
Iran,2005,IRN,37
Iran,2010,IRN,48
Iran,2011,IRN,47
Iran,2012,IRN,45
Iran,2013,IRN,45
Iran,2014,IRN,44
Iran,2015,IRN,43
Iraq,1990,IRQ,51
Iraq,1995,IRQ,50
Iraq,2000,IRQ,51
Iraq,2005,IRQ,55
Iraq,2010,IRQ,91
Iraq,2011,IRQ,84
Iraq,2012,IRQ,79
Iraq,2013,IRQ,66
Iraq,2014,IRQ,59
Iraq,2015,IRQ,52
Ireland,1990,IRL,11
Ireland,1995,IRL,10
Ireland,2000,IRL,10
Ireland,2005,IRL,9
Ireland,2010,IRL,9
Ireland,2011,IRL,9
Ireland,2012,IRL,10
Ireland,2013,IRL,10
Ireland,2014,IRL,10
Ireland,2015,IRL,10
Israel,1990,ISR,18
Israel,1995,ISR,17
Israel,2000,ISR,17
Israel,2005,ISR,17
Israel,2010,ISR,18
Israel,2011,ISR,18
Israel,2012,ISR,18
Israel,2013,ISR,19
Israel,2014,ISR,20
Israel,2015,ISR,21
Italy,1990,ITA,19
Italy,1995,ITA,17
Italy,2000,ITA,15
Italy,2005,ITA,14
Italy,2010,ITA,15
Italy,2011,ITA,14
Italy,2012,ITA,15
Italy,2013,ITA,17
Italy,2014,ITA,18
Italy,2015,ITA,20
Jamaica,1990,JAM,21
Jamaica,1995,JAM,21
Jamaica,2000,JAM,21
Jamaica,2005,JAM,20
Jamaica,2010,JAM,14
Jamaica,2011,JAM,14
Jamaica,2012,JAM,16
Jamaica,2013,JAM,17
Jamaica,2014,JAM,17
Jamaica,2015,JAM,17
Japan,1990,JPN,13
Japan,1995,JPN,13
Japan,2000,JPN,12
Japan,2005,JPN,13
Japan,2010,JPN,12
Japan,2011,JPN,12
Japan,2012,JPN,12
Japan,2013,JPN,12
Japan,2014,JPN,13
Japan,2015,JPN,13
Jordan,1990,JOR,32
Jordan,1995,JOR,30
Jordan,2000,JOR,30
Jordan,2005,JOR,29
Jordan,2010,JOR,36
Jordan,2011,JOR,35
Jordan,2012,JOR,35
Jordan,2013,JOR,36
Jordan,2014,JOR,37
Jordan,2015,JOR,39
Kazakhstan,1990,KAZ,20
Kazakhstan,1995,KAZ,16
Kazakhstan,2000,KAZ,17
Kazakhstan,2005,KAZ,15
Kazakhstan,2010,KAZ,17
Kazakhstan,2011,KAZ,17
Kazakhstan,2012,KAZ,18
Kazakhstan,2013,KAZ,18
Kazakhstan,2014,KAZ,19
Kazakhstan,2015,KAZ,20
Kenya,1990,KEN,16
Kenya,1995,KEN,16
Kenya,2000,KEN,16
Kenya,2005,KEN,15
Kenya,2010,KEN,15
Kenya,2011,KEN,16
Kenya,2012,KEN,17
Kenya,2013,KEN,17
Kenya,2014,KEN,17
Kenya,2015,KEN,16
Kiribati,1990,KIR,4
Kiribati,1995,KIR,4
Kiribati,2000,KIR,4
Kiribati,2005,KIR,4
Kiribati,2010,KIR,3
Kiribati,2011,KIR,3
Kiribati,2012,KIR,3
Kiribati,2013,KIR,3
Kiribati,2014,KIR,3
Kiribati,2015,KIR,3
Kuwait,1990,KWT,64
Kuwait,1995,KWT,63
Kuwait,2000,KWT,66
Kuwait,2005,KWT,66
Kuwait,2010,KWT,104
Kuwait,2011,KWT,103
Kuwait,2012,KWT,104
Kuwait,2013,KWT,87
Kuwait,2014,KWT,77
Kuwait,2015,KWT,67
Kyrgyzstan,1990,KGZ,17
Kyrgyzstan,1995,KGZ,15
Kyrgyzstan,2000,KGZ,15
Kyrgyzstan,2005,KGZ,15
Kyrgyzstan,2010,KGZ,16
Kyrgyzstan,2011,KGZ,16
Kyrgyzstan,2012,KGZ,16
Kyrgyzstan,2013,KGZ,16
Kyrgyzstan,2014,KGZ,17
Kyrgyzstan,2015,KGZ,17
Laos,1990,LAO,27
Laos,1995,LAO,27
Laos,2000,LAO,27
Laos,2005,LAO,30
Laos,2010,LAO,28
Laos,2011,LAO,29
Laos,2012,LAO,29
Laos,2013,LAO,31
Laos,2014,LAO,31
Laos,2015,LAO,33
Latvia,1990,LVA,30
Latvia,1995,LVA,22
Latvia,2000,LVA,18
Latvia,2005,LVA,17
Latvia,2010,LVA,18
Latvia,2011,LVA,18
Latvia,2012,LVA,16
Latvia,2013,LVA,18
Latvia,2014,LVA,19
Latvia,2015,LVA,20
Lebanon,1990,LBN,25
Lebanon,1995,LBN,23
Lebanon,2000,LBN,25
Lebanon,2005,LBN,25
Lebanon,2010,LBN,28
Lebanon,2011,LBN,28
Lebanon,2012,LBN,27
Lebanon,2013,LBN,29
Lebanon,2014,LBN,31
Lebanon,2015,LBN,33
Lesotho,1990,LSO,25
Lesotho,1995,LSO,26
Lesotho,2000,LSO,28
Lesotho,2005,LSO,26
Lesotho,2010,LSO,23
Lesotho,2011,LSO,22
Lesotho,2012,LSO,22
Lesotho,2013,LSO,23
Lesotho,2014,LSO,24
Lesotho,2015,LSO,25
Liberia,1990,LBR,10
Liberia,1995,LBR,10
Liberia,2000,LBR,11
Liberia,2005,LBR,9
Liberia,2010,LBR,10
Liberia,2011,LBR,11
Liberia,2012,LBR,11
Liberia,2013,LBR,10
Liberia,2014,LBR,9
Liberia,2015,LBR,8
Libya,1990,LBY,57
Libya,1995,LBY,54
Libya,2000,LBY,54
Libya,2005,LBY,54
Libya,2010,LBY,68
Libya,2011,LBY,61
Libya,2012,LBY,59
Libya,2013,LBY,64
Libya,2014,LBY,71
Libya,2015,LBY,79
Lithuania,1990,LTU,31
Lithuania,1995,LTU,22
Lithuania,2000,LTU,18
Lithuania,2005,LTU,17
Lithuania,2010,LTU,19
Lithuania,2011,LTU,19
Lithuania,2012,LTU,17
Lithuania,2013,LTU,19
Lithuania,2014,LTU,19
Lithuania,2015,LTU,19
Luxembourg,1990,LUX,20
Luxembourg,1995,LUX,18
Luxembourg,2000,LUX,17
Luxembourg,2005,LUX,16
Luxembourg,2010,LUX,16
Luxembourg,2011,LUX,16
Luxembourg,2012,LUX,16
Luxembourg,2013,LUX,16
Luxembourg,2014,LUX,17
Luxembourg,2015,LUX,17
Macedonia,1990,MKD,52
Macedonia,1995,MKD,42
Macedonia,2000,MKD,36
Macedonia,2005,MKD,29
Macedonia,2010,MKD,35
Macedonia,2011,MKD,35
Macedonia,2012,MKD,34
Macedonia,2013,MKD,37
Macedonia,2014,MKD,39
Macedonia,2015,MKD,40
Madagascar,1990,MDG,19
Madagascar,1995,MDG,19
Madagascar,2000,MDG,19
Madagascar,2005,MDG,18
Madagascar,2010,MDG,17
Madagascar,2011,MDG,17
Madagascar,2012,MDG,18
Madagascar,2013,MDG,18
Madagascar,2014,MDG,19
Madagascar,2015,MDG,20
Malawi,1990,MWI,29
Malawi,1995,MWI,29
Malawi,2000,MWI,29
Malawi,2005,MWI,29
Malawi,2010,MWI,27
Malawi,2011,MWI,28
Malawi,2012,MWI,28
Malawi,2013,MWI,28
Malawi,2014,MWI,27
Malawi,2015,MWI,26
Malaysia,1990,MYS,16
Malaysia,1995,MYS,16
Malaysia,2000,MYS,16
Malaysia,2005,MYS,20
Malaysia,2010,MYS,15
Malaysia,2011,MYS,15
Malaysia,2012,MYS,16
Malaysia,2013,MYS,16
Malaysia,2014,MYS,16
Malaysia,2015,MYS,16
Maldives,1990,MDV,30
Maldives,1995,MDV,29
Maldives,2000,MDV,30
Maldives,2005,MDV,32
Maldives,2010,MDV,25
Maldives,2011,MDV,25
Maldives,2012,MDV,26
Maldives,2013,MDV,28
Maldives,2014,MDV,28
Maldives,2015,MDV,29
Mali,1990,MLI,62
Mali,1995,MLI,61
Mali,2000,MLI,60
Mali,2005,MLI,53
Mali,2010,MLI,60
Mali,2011,MLI,65
Mali,2012,MLI,57
Mali,2013,MLI,53
Mali,2014,MLI,48
Mali,2015,MLI,44
Malta,1990,MLT,14
Malta,1995,MLT,14
Malta,2000,MLT,13
Malta,2005,MLT,12
Malta,2010,MLT,15
Malta,2011,MLT,13
Malta,2012,MLT,13
Malta,2013,MLT,14
Malta,2014,MLT,15
Malta,2015,MLT,16
"Marshall Islands",1990,MHL,13
"Marshall Islands",1995,MHL,12
"Marshall Islands",2000,MHL,13
"Marshall Islands",2005,MHL,13
"Marshall Islands",2010,MHL,12
"Marshall Islands",2011,MHL,12
"Marshall Islands",2012,MHL,11
"Marshall Islands",2013,MHL,12
"Marshall Islands",2014,MHL,12
"Marshall Islands",2015,MHL,12
Mauritania,1990,MRT,97
Mauritania,1995,MRT,96
Mauritania,2000,MRT,95
Mauritania,2005,MRT,65
Mauritania,2010,MRT,74
Mauritania,2011,MRT,79
Mauritania,2012,MRT,79
Mauritania,2013,MRT,83
Mauritania,2014,MRT,83
Mauritania,2015,MRT,85
Mauritius,1990,MUS,18
Mauritius,1995,MUS,18
Mauritius,2000,MUS,18
Mauritius,2005,MUS,19
Mauritius,2010,MUS,14
Mauritius,2011,MUS,14
Mauritius,2012,MUS,14
Mauritius,2013,MUS,14
Mauritius,2014,MUS,15
Mauritius,2015,MUS,15
Mexico,1990,MEX,25
Mexico,1995,MEX,27
Mexico,2000,MEX,29
Mexico,2005,MEX,26
Mexico,2010,MEX,20
Mexico,2011,MEX,21
Mexico,2012,MEX,22
Mexico,2013,MEX,21
Mexico,2014,MEX,20
Mexico,2015,MEX,20
Micronesia,1990,FSM,9
Micronesia,1995,FSM,10
Micronesia,2000,FSM,10
Micronesia,2005,FSM,10
Micronesia,2010,FSM,7
Micronesia,2011,FSM,7
Micronesia,2012,FSM,7
Micronesia,2013,FSM,8
Micronesia,2014,FSM,7
Micronesia,2015,FSM,8
Moldova,1990,MDA,36
Moldova,1995,MDA,26
Moldova,2000,MDA,22
Moldova,2005,MDA,19
Moldova,2010,MDA,21
Moldova,2011,MDA,21
Moldova,2012,MDA,21
Moldova,2013,MDA,21
Moldova,2014,MDA,21
Moldova,2015,MDA,21
Mongolia,1990,MNG,18
Mongolia,1995,MNG,16
Mongolia,2000,MNG,19
Mongolia,2005,MNG,18
Mongolia,2010,MNG,20
Mongolia,2011,MNG,20
Mongolia,2012,MNG,22
Mongolia,2013,MNG,22
Mongolia,2014,MNG,23
Mongolia,2015,MNG,24
Montenegro,1990,MNE,24
Montenegro,1995,MNE,20
Montenegro,2000,MNE,18
Montenegro,2005,MNE,17
Montenegro,2010,MNE,21
Montenegro,2011,MNE,21
Montenegro,2012,MNE,21
Montenegro,2013,MNE,22
Montenegro,2014,MNE,23
Montenegro,2015,MNE,23
Morocco,1990,MAR,22
Morocco,1995,MAR,22
Morocco,2000,MAR,22
Morocco,2005,MAR,21
Morocco,2010,MAR,20
Morocco,2011,MAR,19
Morocco,2012,MAR,19
Morocco,2013,MAR,20
Morocco,2014,MAR,21
Morocco,2015,MAR,23
Mozambique,1990,MOZ,22
Mozambique,1995,MOZ,22
Mozambique,2000,MOZ,23
Mozambique,2005,MOZ,23
Mozambique,2010,MOZ,20
Mozambique,2011,MOZ,20
Mozambique,2012,MOZ,20
Mozambique,2013,MOZ,20
Mozambique,2014,MOZ,20
Mozambique,2015,MOZ,20
Myanmar,1990,MMR,44
Myanmar,1995,MMR,44
Myanmar,2000,MMR,44
Myanmar,2005,MMR,48
Myanmar,2010,MMR,46
Myanmar,2011,MMR,46
Myanmar,2012,MMR,48
Myanmar,2013,MMR,51
Myanmar,2014,MMR,52
Myanmar,2015,MMR,54
Namibia,1990,NAM,26
Namibia,1995,NAM,25
Namibia,2000,NAM,27
Namibia,2005,NAM,26
Namibia,2010,NAM,23
Namibia,2011,NAM,23
Namibia,2012,NAM,23
Namibia,2013,NAM,22
Namibia,2014,NAM,22
Namibia,2015,NAM,21
Nepal,1990,NPL,56
Nepal,1995,NPL,57
Nepal,2000,NPL,56
Nepal,2005,NPL,60
Nepal,2010,NPL,63
Nepal,2011,NPL,63
Nepal,2012,NPL,65
Nepal,2013,NPL,71
Nepal,2014,NPL,72
Nepal,2015,NPL,75
Netherlands,1990,NLD,19
Netherlands,1995,NLD,17
Netherlands,2000,NLD,16
Netherlands,2005,NLD,15
Netherlands,2010,NLD,15
Netherlands,2011,NLD,15
Netherlands,2012,NLD,15
Netherlands,2013,NLD,15
Netherlands,2014,NLD,15
Netherlands,2015,NLD,15
"New Zealand",1990,NZL,6
"New Zealand",1995,NZL,6
"New Zealand",2000,NZL,6
"New Zealand",2005,NZL,6
"New Zealand",2010,NZL,5
"New Zealand",2011,NZL,5
"New Zealand",2012,NZL,5
"New Zealand",2013,NZL,5
"New Zealand",2014,NZL,6
"New Zealand",2015,NZL,6
Nicaragua,1990,NIC,33
Nicaragua,1995,NIC,33
Nicaragua,2000,NIC,34
Nicaragua,2005,NIC,32
Nicaragua,2010,NIC,23
Nicaragua,2011,NIC,25
Nicaragua,2012,NIC,29
Nicaragua,2013,NIC,29
Nicaragua,2014,NIC,28
Nicaragua,2015,NIC,27
Niger,1990,NER,132
Niger,1995,NER,131
Niger,2000,NER,129
Niger,2005,NER,112
Niger,2010,NER,116
Niger,2011,NER,118
Niger,2012,NER,103
Niger,2013,NER,83
Niger,2014,NER,72
Niger,2015,NER,63
Nigeria,1990,NGA,81
Nigeria,1995,NGA,78
Nigeria,2000,NGA,74
Nigeria,2005,NGA,60
Nigeria,2010,NGA,51
Nigeria,2011,NGA,53
Nigeria,2012,NGA,50
Nigeria,2013,NGA,46
Nigeria,2014,NGA,42
Nigeria,2015,NGA,38
"North Korea",1990,PRK,31
"North Korea",1995,PRK,31
"North Korea",2000,PRK,31
"North Korea",2005,PRK,32
"North Korea",2010,PRK,31
"North Korea",2011,PRK,30
"North Korea",2012,PRK,30
"North Korea",2013,PRK,32
"North Korea",2014,PRK,33
"North Korea",2015,PRK,34
Norway,1990,NOR,11
Norway,1995,NOR,10
Norway,2000,NOR,10
Norway,2005,NOR,9
Norway,2010,NOR,9
Norway,2011,NOR,9
Norway,2012,NOR,9
Norway,2013,NOR,9
Norway,2014,NOR,9
Norway,2015,NOR,9
Oman,1990,OMN,66
Oman,1995,OMN,65
Oman,2000,OMN,66
Oman,2005,OMN,57
Oman,2010,OMN,55
Oman,2011,OMN,57
Oman,2012,OMN,60
Oman,2013,OMN,57
Oman,2014,OMN,55
Oman,2015,OMN,53
Pakistan,1990,PAK,68
Pakistan,1995,PAK,67
Pakistan,2000,PAK,70
Pakistan,2005,PAK,64
Pakistan,2010,PAK,61
Pakistan,2011,PAK,64
Pakistan,2012,PAK,63
Pakistan,2013,PAK,64
Pakistan,2014,PAK,64
Pakistan,2015,PAK,65
Palestine,1990,PSE,18
Palestine,1995,PSE,17
Palestine,2000,PSE,17
Palestine,2005,PSE,16
Palestine,2010,PSE,18
Palestine,2011,PSE,18
Palestine,2012,PSE,18
Palestine,2013,PSE,19
Palestine,2014,PSE,20
Palestine,2015,PSE,21
Panama,1990,PAN,16
Panama,1995,PAN,16
Panama,2000,PAN,16
Panama,2005,PAN,14
Panama,2010,PAN,10
Panama,2011,PAN,10
Panama,2012,PAN,11
Panama,2013,PAN,12
Panama,2014,PAN,12
Panama,2015,PAN,13
"Papua New Guinea",1990,PNG,15
"Papua New Guinea",1995,PNG,15
"Papua New Guinea",2000,PNG,16
"Papua New Guinea",2005,PNG,14
"Papua New Guinea",2010,PNG,12
"Papua New Guinea",2011,PNG,13
"Papua New Guinea",2012,PNG,14
"Papua New Guinea",2013,PNG,14
"Papua New Guinea",2014,PNG,14
"Papua New Guinea",2015,PNG,14
Paraguay,1990,PRY,22
Paraguay,1995,PRY,23
Paraguay,2000,PRY,23
Paraguay,2005,PRY,23
Paraguay,2010,PRY,17
Paraguay,2011,PRY,18
Paraguay,2012,PRY,16
Paraguay,2013,PRY,16
Paraguay,2014,PRY,15
Paraguay,2015,PRY,15
Peru,1990,PER,28
Peru,1995,PER,32
Peru,2000,PER,35
Peru,2005,PER,41
Peru,2010,PER,28
Peru,2011,PER,30
Peru,2012,PER,30
Peru,2013,PER,29
Peru,2014,PER,28
Peru,2015,PER,28
Philippines,1990,PHL,24
Philippines,1995,PHL,25
Philippines,2000,PHL,25
Philippines,2005,PHL,28
Philippines,2010,PHL,24
Philippines,2011,PHL,24
Philippines,2012,PHL,23
Philippines,2013,PHL,24
Philippines,2014,PHL,24
Philippines,2015,PHL,23
Poland,1990,POL,46
Poland,1995,POL,33
Poland,2000,POL,26
Poland,2005,POL,25
Poland,2010,POL,27
Poland,2011,POL,27
Poland,2012,POL,24
Poland,2013,POL,25
Poland,2014,POL,25
Poland,2015,POL,24
Portugal,1990,PRT,10
Portugal,1995,PRT,10
Portugal,2000,PRT,10
Portugal,2005,PRT,10
Portugal,2010,PRT,9
Portugal,2011,PRT,9
Portugal,2012,PRT,9
Portugal,2013,PRT,9
Portugal,2014,PRT,10
Portugal,2015,PRT,10
Qatar,1990,QAT,108
Qatar,1995,QAT,106
Qatar,2000,QAT,106
Qatar,2005,QAT,103
Qatar,2010,QAT,122
Qatar,2011,QAT,112
Qatar,2012,QAT,120
Qatar,2013,QAT,116
Qatar,2014,QAT,107
Qatar,2015,QAT,107
Romania,1990,ROU,33
Romania,1995,ROU,25
Romania,2000,ROU,21
Romania,2005,ROU,17
Romania,2010,ROU,20
Romania,2011,ROU,20
Romania,2012,ROU,19
Romania,2013,ROU,19
Romania,2014,ROU,19
Romania,2015,ROU,20
Russia,1990,RUS,22
Russia,1995,RUS,17
Russia,2000,RUS,15
Russia,2005,RUS,15
Russia,2010,RUS,17
Russia,2011,RUS,16
Russia,2012,RUS,15
Russia,2013,RUS,16
Russia,2014,RUS,16
Russia,2015,RUS,17
Rwanda,1990,RWA,53
Rwanda,1995,RWA,53
Rwanda,2000,RWA,54
Rwanda,2005,RWA,49
Rwanda,2010,RWA,44
Rwanda,2011,RWA,49
Rwanda,2012,RWA,53
Rwanda,2013,RWA,54
Rwanda,2014,RWA,52
Rwanda,2015,RWA,50
"Saint Lucia",1990,LCA,19
"Saint Lucia",1995,LCA,19
"Saint Lucia",2000,LCA,19
"Saint Lucia",2005,LCA,17
"Saint Lucia",2010,LCA,14
"Saint Lucia",2011,LCA,14
"Saint Lucia",2012,LCA,15
"Saint Lucia",2013,LCA,15
"Saint Lucia",2014,LCA,14
"Saint Lucia",2015,LCA,14
"Saint Vincent and the Grenadines",1990,VCT,19
"Saint Vincent and the Grenadines",1995,VCT,19
"Saint Vincent and the Grenadines",2000,VCT,19
"Saint Vincent and the Grenadines",2005,VCT,17
"Saint Vincent and the Grenadines",2010,VCT,14
"Saint Vincent and the Grenadines",2011,VCT,14
"Saint Vincent and the Grenadines",2012,VCT,14
"Saint Vincent and the Grenadines",2013,VCT,14
"Saint Vincent and the Grenadines",2014,VCT,14
"Saint Vincent and the Grenadines",2015,VCT,14
Samoa,1990,WSM,4
Samoa,1995,WSM,4
Samoa,2000,WSM,4
Samoa,2005,WSM,4
Samoa,2010,WSM,3
Samoa,2011,WSM,3
Samoa,2012,WSM,3
Samoa,2013,WSM,4
Samoa,2014,WSM,4
Samoa,2015,WSM,4
"Sao Tome and Principe",1990,STP,16
"Sao Tome and Principe",1995,STP,16
"Sao Tome and Principe",2000,STP,16
"Sao Tome and Principe",2005,STP,16
"Sao Tome and Principe",2010,STP,13
"Sao Tome and Principe",2011,STP,13
"Sao Tome and Principe",2012,STP,13
"Sao Tome and Principe",2013,STP,13
"Sao Tome and Principe",2014,STP,14
"Sao Tome and Principe",2015,STP,14
"Saudi Arabia",1990,SAU,85
"Saudi Arabia",1995,SAU,84
"Saudi Arabia",2000,SAU,93
"Saudi Arabia",2005,SAU,93
"Saudi Arabia",2010,SAU,130
"Saudi Arabia",2011,SAU,131
"Saudi Arabia",2012,SAU,136
"Saudi Arabia",2013,SAU,126
"Saudi Arabia",2014,SAU,116
"Saudi Arabia",2015,SAU,106
Senegal,1990,SEN,42
Senegal,1995,SEN,42
Senegal,2000,SEN,41
Senegal,2005,SEN,29
Senegal,2010,SEN,32
Senegal,2011,SEN,33
Senegal,2012,SEN,33
Senegal,2013,SEN,36
Senegal,2014,SEN,36
Senegal,2015,SEN,38
Serbia,1990,SRB,25
Serbia,1995,SRB,20
Serbia,2000,SRB,20
Serbia,2005,SRB,17
Serbia,2010,SRB,20
Serbia,2011,SRB,20
Serbia,2012,SRB,19
Serbia,2013,SRB,20
Serbia,2014,SRB,21
Serbia,2015,SRB,21
Seychelles,1990,SYC,20
Seychelles,1995,SYC,19
Seychelles,2000,SYC,19
Seychelles,2005,SYC,20
Seychelles,2010,SYC,16
Seychelles,2011,SYC,16
Seychelles,2012,SYC,16
Seychelles,2013,SYC,15
Seychelles,2014,SYC,14
Seychelles,2015,SYC,13
"Sierra Leone",1990,SLE,26
"Sierra Leone",1995,SLE,26
"Sierra Leone",2000,SLE,26
"Sierra Leone",2005,SLE,22
"Sierra Leone",2010,SLE,25
"Sierra Leone",2011,SLE,27
"Sierra Leone",2012,SLE,27
"Sierra Leone",2013,SLE,25
"Sierra Leone",2014,SLE,22
"Sierra Leone",2015,SLE,19
Singapore,1990,SGP,19
Singapore,1995,SGP,19
Singapore,2000,SGP,19
Singapore,2005,SGP,27
Singapore,2010,SGP,18
Singapore,2011,SGP,18
Singapore,2012,SGP,18
Singapore,2013,SGP,19
Singapore,2014,SGP,18
Singapore,2015,SGP,19
Slovakia,1990,SVK,35
Slovakia,1995,SVK,26
Slovakia,2000,SVK,22
Slovakia,2005,SVK,20
Slovakia,2010,SVK,20
Slovakia,2011,SVK,20
Slovakia,2012,SVK,19
Slovakia,2013,SVK,19
Slovakia,2014,SVK,20
Slovakia,2015,SVK,21
Slovenia,1990,SVN,25
Slovenia,1995,SVN,20
Slovenia,2000,SVN,17
Slovenia,2005,SVN,17
Slovenia,2010,SVN,16
Slovenia,2011,SVN,15
Slovenia,2012,SVN,16
Slovenia,2013,SVN,17
Slovenia,2014,SVN,19
Slovenia,2015,SVN,20
"Solomon Islands",1990,SLB,7
"Solomon Islands",1995,SLB,7
"Solomon Islands",2000,SLB,7
"Solomon Islands",2005,SLB,8
"Solomon Islands",2010,SLB,6
"Solomon Islands",2011,SLB,6
"Solomon Islands",2012,SLB,6
"Solomon Islands",2013,SLB,6
"Solomon Islands",2014,SLB,6
"Solomon Islands",2015,SLB,7
Somalia,1990,SOM,22
Somalia,1995,SOM,21
Somalia,2000,SOM,22
Somalia,2005,SOM,19
Somalia,2010,SOM,20
Somalia,2011,SOM,20
Somalia,2012,SOM,21
Somalia,2013,SOM,20
Somalia,2014,SOM,20
Somalia,2015,SOM,20
"South Africa",1990,ZAF,35
"South Africa",1995,ZAF,36
"South Africa",2000,ZAF,37
"South Africa",2005,ZAF,36
"South Africa",2010,ZAF,30
"South Africa",2011,ZAF,29
"South Africa",2012,ZAF,29
"South Africa",2013,ZAF,29
"South Africa",2014,ZAF,29
"South Africa",2015,ZAF,30
"South Korea",1990,KOR,26
"South Korea",1995,KOR,26
"South Korea",2000,KOR,26
"South Korea",2005,KOR,26
"South Korea",2010,KOR,25
"South Korea",2011,KOR,24
"South Korea",2012,KOR,25
"South Korea",2013,KOR,26
"South Korea",2014,KOR,28
"South Korea",2015,KOR,29
"South Sudan",1990,SSD,42
"South Sudan",1995,SSD,42
"South Sudan",2000,SSD,43
"South Sudan",2005,SSD,35
"South Sudan",2010,SSD,36
"South Sudan",2011,SSD,37
"South Sudan",2012,SSD,38
"South Sudan",2013,SSD,35
"South Sudan",2014,SSD,34
"South Sudan",2015,SSD,32
Spain,1990,ESP,10
Spain,1995,ESP,10
Spain,2000,ESP,10
Spain,2005,ESP,10
Spain,2010,ESP,10
Spain,2011,ESP,10
Spain,2012,ESP,10
Spain,2013,ESP,10
Spain,2014,ESP,10
Spain,2015,ESP,10
"Sri Lanka",1990,LKA,30
"Sri Lanka",1995,LKA,30
"Sri Lanka",2000,LKA,31
"Sri Lanka",2005,LKA,30
"Sri Lanka",2010,LKA,27
"Sri Lanka",2011,LKA,27
"Sri Lanka",2012,LKA,28
"Sri Lanka",2013,LKA,28
"Sri Lanka",2014,LKA,28
"Sri Lanka",2015,LKA,28
Sudan,1990,SDN,57
Sudan,1995,SDN,57
Sudan,2000,SDN,57
Sudan,2005,SDN,55
Sudan,2010,SDN,56
Sudan,2011,SDN,57
Sudan,2012,SDN,59
Sudan,2013,SDN,55
Sudan,2014,SDN,52
Sudan,2015,SDN,50
Suriname,1990,SUR,28
Suriname,1995,SUR,28
Suriname,2000,SUR,28
Suriname,2005,SUR,17
Suriname,2010,SUR,15
Suriname,2011,SUR,17
Suriname,2012,SUR,19
Suriname,2013,SUR,20
Suriname,2014,SUR,19
Suriname,2015,SUR,18
Swaziland,1990,SWZ,26
Swaziland,1995,SWZ,27
Swaziland,2000,SWZ,28
Swaziland,2005,SWZ,26
Swaziland,2010,SWZ,22
Swaziland,2011,SWZ,22
Swaziland,2012,SWZ,22
Swaziland,2013,SWZ,22
Swaziland,2014,SWZ,22
Swaziland,2015,SWZ,22
Sweden,1990,SWE,7
Sweden,1995,SWE,6
Sweden,2000,SWE,6
Sweden,2005,SWE,5
Sweden,2010,SWE,5
Sweden,2011,SWE,5
Sweden,2012,SWE,5
Sweden,2013,SWE,6
Sweden,2014,SWE,6
Sweden,2015,SWE,6
Switzerland,1990,CHE,13
Switzerland,1995,CHE,12
Switzerland,2000,CHE,11
Switzerland,2005,CHE,11
Switzerland,2010,CHE,11
Switzerland,2011,CHE,11
Switzerland,2012,CHE,11
Switzerland,2013,CHE,12
Switzerland,2014,CHE,12
Switzerland,2015,CHE,13
Syria,1990,SYR,34
Syria,1995,SYR,33
Syria,2000,SYR,32
Syria,2005,SYR,31
Syria,2010,SYR,41
Syria,2011,SYR,38
Syria,2012,SYR,38
Syria,2013,SYR,38
Syria,2014,SYR,40
Syria,2015,SYR,42
Taiwan,1990,TWN,27
Taiwan,1995,TWN,27
Taiwan,2000,TWN,30
Taiwan,2005,TWN,32
Taiwan,2010,TWN,31
Taiwan,2011,TWN,30
Taiwan,2012,TWN,30
Taiwan,2013,TWN,30
Taiwan,2014,TWN,30
Taiwan,2015,TWN,30
Tajikistan,1990,TJK,74
Tajikistan,1995,TJK,62
Tajikistan,2000,TJK,63
Tajikistan,2005,TJK,45
Tajikistan,2010,TJK,49
Tajikistan,2011,TJK,48
Tajikistan,2012,TJK,49
Tajikistan,2013,TJK,48
Tajikistan,2014,TJK,50
Tajikistan,2015,TJK,50
Tanzania,1990,TZA,21
Tanzania,1995,TZA,21
Tanzania,2000,TZA,22
Tanzania,2005,TZA,21
Tanzania,2010,TZA,21
Tanzania,2011,TZA,22
Tanzania,2012,TZA,23
Tanzania,2013,TZA,24
Tanzania,2014,TZA,23
Tanzania,2015,TZA,23
Thailand,1990,THA,24
Thailand,1995,THA,24
Thailand,2000,THA,24
Thailand,2005,THA,25
Thailand,2010,THA,22
Thailand,2011,THA,23
Thailand,2012,THA,24
Thailand,2013,THA,25
Thailand,2014,THA,26
Thailand,2015,THA,26
Timor-Leste,1990,,20
Timor-Leste,1995,,20
Timor-Leste,2000,,20
Timor-Leste,2005,,20
Timor-Leste,2010,,19
Timor-Leste,2011,,19
Timor-Leste,2012,,19
Timor-Leste,2013,,19
Timor-Leste,2014,,19
Timor-Leste,2015,,19
Togo,1990,TGO,56
Togo,1995,TGO,55
Togo,2000,TGO,54
Togo,2005,TGO,41
Togo,2010,TGO,39
Togo,2011,TGO,42
Togo,2012,TGO,43
Togo,2013,TGO,39
Togo,2014,TGO,35
Togo,2015,TGO,33
Tonga,1990,TON,5
Tonga,1995,TON,5
Tonga,2000,TON,5
Tonga,2005,TON,5
Tonga,2010,TON,4
Tonga,2011,TON,4
Tonga,2012,TON,4
Tonga,2013,TON,4
Tonga,2014,TON,4
Tonga,2015,TON,4
"Trinidad and Tobago",1990,TTO,20
"Trinidad and Tobago",1995,TTO,19
"Trinidad and Tobago",2000,TTO,19
"Trinidad and Tobago",2005,TTO,15
"Trinidad and Tobago",2010,TTO,12
"Trinidad and Tobago",2011,TTO,12
"Trinidad and Tobago",2012,TTO,13
"Trinidad and Tobago",2013,TTO,13
"Trinidad and Tobago",2014,TTO,14
"Trinidad and Tobago",2015,TTO,14
Tunisia,1990,TUN,38
Tunisia,1995,TUN,36
Tunisia,2000,TUN,36
Tunisia,2005,TUN,28
Tunisia,2010,TUN,35
Tunisia,2011,TUN,34
Tunisia,2012,TUN,34
Tunisia,2013,TUN,36
Tunisia,2014,TUN,40
Tunisia,2015,TUN,45
Turkey,1990,TUR,33
Turkey,1995,TUR,29
Turkey,2000,TUR,30
Turkey,2005,TUR,28
Turkey,2010,TUR,33
Turkey,2011,TUR,32
Turkey,2012,TUR,30
Turkey,2013,TUR,33
Turkey,2014,TUR,35
Turkey,2015,TUR,36
Turkmenistan,1990,TKM,38
Turkmenistan,1995,TKM,35
Turkmenistan,2000,TKM,35
Turkmenistan,2005,TKM,21
Turkmenistan,2010,TKM,30
Turkmenistan,2011,TKM,27
Turkmenistan,2012,TKM,28
Turkmenistan,2013,TKM,28
Turkmenistan,2014,TKM,30
Turkmenistan,2015,TKM,31
Uganda,1990,UGA,61
Uganda,1995,UGA,61
Uganda,2000,UGA,60
Uganda,2005,UGA,56
Uganda,2010,UGA,53
Uganda,2011,UGA,58
Uganda,2012,UGA,62
Uganda,2013,UGA,62
Uganda,2014,UGA,61
Uganda,2015,UGA,60
Ukraine,1990,UKR,33
Ukraine,1995,UKR,24
Ukraine,2000,UKR,20
Ukraine,2005,UKR,18
Ukraine,2010,UKR,19
Ukraine,2011,UKR,19
Ukraine,2012,UKR,19
Ukraine,2013,UKR,19
Ukraine,2014,UKR,19
Ukraine,2015,UKR,19
"United Arab Emirates",1990,ARE,76
"United Arab Emirates",1995,ARE,75
"United Arab Emirates",2000,ARE,76
"United Arab Emirates",2005,ARE,67
"United Arab Emirates",2010,ARE,74
"United Arab Emirates",2011,ARE,73
"United Arab Emirates",2012,ARE,75
"United Arab Emirates",2013,ARE,71
"United Arab Emirates",2014,ARE,67
"United Arab Emirates",2015,ARE,64
"United Kingdom",1990,GBR,15
"United Kingdom",1995,GBR,14
"United Kingdom",2000,GBR,13
"United Kingdom",2005,GBR,12
"United Kingdom",2010,GBR,12
"United Kingdom",2011,GBR,12
"United Kingdom",2012,GBR,12
"United Kingdom",2013,GBR,12
"United Kingdom",2014,GBR,12
"United Kingdom",2015,GBR,12
"United States",1990,USA,11
"United States",1995,USA,11
"United States",2000,USA,11
"United States",2005,USA,10
"United States",2010,USA,9
"United States",2011,USA,9
"United States",2012,USA,9
"United States",2013,USA,9
"United States",2014,USA,8
"United States",2015,USA,8
Uruguay,1990,URY,13
Uruguay,1995,URY,13
Uruguay,2000,URY,13
Uruguay,2005,URY,12
Uruguay,2010,URY,12
Uruguay,2011,URY,12
Uruguay,2012,URY,12
Uruguay,2013,URY,12
Uruguay,2014,URY,12
Uruguay,2015,URY,11
Uzbekistan,1990,UZB,51
Uzbekistan,1995,UZB,43
Uzbekistan,2000,UZB,40
Uzbekistan,2005,UZB,33
Uzbekistan,2010,UZB,37
Uzbekistan,2011,UZB,36
Uzbekistan,2012,UZB,37
Uzbekistan,2013,UZB,37
Uzbekistan,2014,UZB,39
Uzbekistan,2015,UZB,40
Vanuatu,1990,VUT,10
Vanuatu,1995,VUT,11
Vanuatu,2000,VUT,10
Vanuatu,2005,VUT,11
Vanuatu,2010,VUT,8
Vanuatu,2011,VUT,8
Vanuatu,2012,VUT,8
Vanuatu,2013,VUT,8
Vanuatu,2014,VUT,8
Vanuatu,2015,VUT,9
Venezuela,1990,VEN,32
Venezuela,1995,VEN,29
Venezuela,2000,VEN,33
Venezuela,2005,VEN,29
Venezuela,2010,VEN,23
Venezuela,2011,VEN,24
Venezuela,2012,VEN,24
Venezuela,2013,VEN,25
Venezuela,2014,VEN,24
Venezuela,2015,VEN,24
Vietnam,1990,VNM,27
Vietnam,1995,VNM,27
Vietnam,2000,VNM,27
Vietnam,2005,VNM,29
Vietnam,2010,VNM,27
Vietnam,2011,VNM,27
Vietnam,2012,VNM,27
Vietnam,2013,VNM,28
Vietnam,2014,VNM,28
Vietnam,2015,VNM,28
Yemen,1990,YEM,54
Yemen,1995,YEM,54
Yemen,2000,YEM,55
Yemen,2005,YEM,43
Yemen,2010,YEM,51
Yemen,2011,YEM,55
Yemen,2012,YEM,63
Yemen,2013,YEM,59
Yemen,2014,YEM,56
Yemen,2015,YEM,53
Zambia,1990,ZMB,32
Zambia,1995,ZMB,31
Zambia,2000,ZMB,31
Zambia,2005,ZMB,28
Zambia,2010,ZMB,27
Zambia,2011,ZMB,27
Zambia,2012,ZMB,28
Zambia,2013,ZMB,28
Zambia,2014,ZMB,27
Zambia,2015,ZMB,27
Zimbabwe,1990,ZWE,26
Zimbabwe,1995,ZWE,25
Zimbabwe,2000,ZWE,25
Zimbabwe,2005,ZWE,25
Zimbabwe,2010,ZWE,23
Zimbabwe,2011,ZWE,24
Zimbabwe,2012,ZWE,23
Zimbabwe,2013,ZWE,24
Zimbabwe,2014,ZWE,23
Zimbabwe,2015,ZWE,23
